cluster,queries,impressions,clicks,opportunity,in_top10,zero_ctr_50+,url
ceny,1114,8384,482,18304,736,13,/cena/
avto,360,1926,108,4076,165,2,/katalog/navesy/navesy-dlya-mashin/
other,364,1986,48,3931,107,4,/
zabory,73,1366,61,2685,35,2,/katalog/zabory/
balkon,199,909,34,2003,105,0,/katalog/navesy/navesy-dlya-balkona/
dacha,98,715,22,1750,40,1,/katalog/navesy/navesy-dlya-dachi/
krylco,183,692,61,1630,113,0,/katalog/navesy/navesy-dlya-krylca/
besedki,143,740,29,1501,31,1,/katalog/besedki/
uslugi,84,564,17,1256,52,1,/uslugi/montazh/
materialy,83,453,14,1020,29,1,/katalog/navesy/metallicheskie-navesy/
banya_GAP,7,154,7,334,4,0,GAP — нет страницы
terrassa,25,114,5,284,10,1,/katalog/navesy/navesy-dlya-terrasy/
info_foto,34,118,5,250,13,0,/nashi-raboty/
bassein,23,113,2,216,9,0,/katalog/navesy/navesy-dlya-bassejna/
fermy_GAP,3,6,1,12,1,0,GAP — нет страницы
