query,impr,clicks,pos,cluster
навес для бани из поликарбоната,120.0,7.0,6.78,banya_GAP
навесы из поликарбоната бани,24.0,0.0,8.83,banya_GAP
навес для бани,3.0,0.0,21.0,banya_GAP
навес из ферм к дому,2.0,0.0,28.0,fermy_GAP
навес половина одна скатная половина двухскатный из металла с фермой,2.0,0.0,12.0,fermy_GAP
полукруглые навес для бани из мягкой кровли в заокске,2.0,0.0,17.0,banya_GAP
навес к бане из металла,2.0,0.0,20.0,banya_GAP
итого занавес арочный 4 60 шириной и длиной 6 м покраска вся работа сварочные работы установка 21-го профиля на крышу сверху на фермы сколько будет стоить работа я хочу узнать,2.0,1.0,6.5,fermy_GAP
баннер для навеса 4м на 7м купить на озоне,2.0,0.0,8.0,banya_GAP
навес для баню,1.0,0.0,10.0,banya_GAP
