query,impr,clicks,pos,band,cluster,opp,url
навес над столом,256.0,0.0,8.52,top10,dacha,768.0,/katalog/navesy/navesy-dlya-dachi/
забор из профлиста и поликарбоната комбинированный,358.0,22.0,8.19,top10,zabory,716.0,/katalog/zabory/
комбинированный забор из профнастила и поликарбоната,322.0,22.0,8.44,top10,zabory,644.0,/katalog/zabory/
стоимость изготовления навеса,213.0,0.0,9.3,top10,ceny,639.0,/cena/
стоимость сварочных работ металлоконструкций за метр навес крытый профлистом,259.0,0.0,14.46,top20,ceny,582.8,/cena/
навес под ключ цена за м2,257.0,15.0,8.01,top10,ceny,514.0,/cena/
сколько стоит построить навес,110.0,0.0,9.37,top10,ceny,330.0,/cena/
крытый навес,214.0,2.0,10.64,top20,other,321.0,/
арочный навес из мягкой кровли,140.0,0.0,10.36,top20,materialy,315.0,/katalog/navesy/metallicheskie-navesy/
цены на изготовление навесов,157.0,1.0,9.22,top10,uslugi,314.0,/uslugi/montazh/
стоимость навеса,183.0,1.0,11.26,top20,ceny,274.5,/cena/
навес цена,115.0,0.0,17.66,top20,ceny,258.8,/cena/
изготовление навесов цена,115.0,0.0,15.28,top20,ceny,258.8,/cena/
сколько стоит построить навес для машины,121.0,1.0,9.43,top10,avto,242.0,/katalog/navesy/navesy-dlya-mashin/
сколько стоит сварить навес из металла цена за м2 за работу,121.0,9.0,7.21,top10,ceny,242.0,/cena/
навес для бани из поликарбоната,120.0,7.0,6.78,top10,banya_GAP,240.0,GAP
стоимость изготовления навеса из металлопрофиля за м2,103.0,0.0,13.42,top20,ceny,231.8,/cena/
стоимость навеса из металлопрофиля за квадратный метр,115.0,2.0,8.57,top10,ceny,230.0,/cena/
навес для трактора,76.0,0.0,9.25,top10,avto,228.0,/katalog/navesy/navesy-dlya-mashin/
навес 5 на 5,98.0,0.0,15.08,top20,other,220.5,/
навес из поликарбоната цена за м2,110.0,2.0,8.13,top10,ceny,220.0,/cena/
ограждение из монолитного поликарбоната,146.0,0.0,23.45,deep,zabory,219.0,/katalog/zabory/
навес цена за м2,139.0,1.0,10.27,top20,ceny,208.5,/cena/
сколько стоит сварить навес из металла цена за работу,91.0,0.0,13.86,top20,ceny,204.8,/cena/
навес стоимость метр квадратный,65.0,0.0,5.72,top10,ceny,195.0,/cena/
навесы из металлопрофиля цена за квадратный метр,84.0,0.0,13.08,top20,ceny,189.0,/cena/
сколько стоит навес,125.0,3.0,11.31,top20,ceny,187.5,/cena/
навес 10 на 10 метров,83.0,0.0,18.04,top20,other,186.8,/
навес для стола на даче,90.0,2.0,9.99,top10,dacha,180.0,/katalog/navesy/navesy-dlya-dachi/
стоимость навеса за квадратный метр,89.0,11.0,5.3,top10,ceny,178.0,/cena/
цена навеса за 1 квадратный метр за работу,86.0,6.0,8.09,top10,ceny,172.0,/cena/
беседка на заказ из металла,76.0,0.0,15.18,top20,besedki,171.0,/katalog/besedki/
навес 10 на 10,73.0,0.0,16.16,top20,other,164.2,/
навес под трактор,73.0,0.0,10.52,top20,avto,164.2,/katalog/navesy/navesy-dlya-mashin/
построить навес к дому стоимость работ,80.0,7.0,9.2,top10,ceny,160.0,/cena/
цена навеса за 1 квадратный метр,79.0,14.0,6.73,top10,ceny,158.0,/cena/
цена навеса за 1 квадратный,79.0,11.0,4.13,top10,ceny,158.0,/cena/
навес под ключ цена,101.0,2.0,13.81,top20,ceny,151.5,/cena/
сколько будет стоить сделать навес,50.0,0.0,7.9,top10,uslugi,150.0,/uslugi/montazh/
навесы цена за квадратный метр,50.0,0.0,8.38,top10,ceny,150.0,/cena/
навес над террасой из поликарбоната navesy-podkluch.ru,50.0,0.0,9.08,top10,terrassa,150.0,/katalog/navesy/navesy-dlya-terrasy/
сколько стоит сварить навес из материала заказчика,98.0,2.0,12.63,top20,ceny,147.0,/cena/
навес над гаражом,49.0,0.0,9.94,top10,avto,147.0,/katalog/navesy/navesy-dlya-mashin/
навес под гараж,97.0,2.0,12.02,top20,avto,145.5,/katalog/navesy/navesy-dlya-mashin/
навес цена за метр,48.0,0.0,9.67,top10,ceny,144.0,/cena/
цена навеса за квадратный,47.0,0.0,7.6,top10,ceny,141.0,/cena/
навес над балконом,93.0,1.0,13.89,top20,balkon,139.5,/katalog/navesy/navesy-dlya-balkona/
изготовление козырьков навесов из металлоконструкций цена,69.0,1.0,9.01,top10,krylco,138.0,/katalog/navesy/navesy-dlya-krylca/
изготовление навеса расценки,46.0,0.0,8.37,top10,ceny,138.0,/cena/
установка навесов цена,90.0,2.0,12.03,top20,ceny,135.0,/cena/
сварить навес цена за работу,60.0,0.0,13.52,top20,ceny,135.0,/cena/
навес от дома к забору,67.0,3.0,8.54,top10,zabory,134.0,/katalog/zabory/
навес над балконом из поликарбоната,66.0,4.0,9.32,top10,balkon,132.0,/katalog/navesy/navesy-dlya-balkona/
сколько стоит сделать навес из металлопрофиля цена за работу,63.0,8.0,7.92,top10,ceny,126.0,/cena/
сделать навес цены,82.0,1.0,10.13,top20,uslugi,123.0,/uslugi/montazh/
изготовление навеса прайс,41.0,0.0,8.15,top10,ceny,123.0,/cena/
навес цена за м2 под ключ,61.0,2.0,8.16,top10,ceny,122.0,/cena/
строительство навесов цена,60.0,1.0,9.17,top10,ceny,120.0,/cena/
сколько стоит сварить навес,78.0,1.0,12.87,top20,ceny,117.0,/cena/
построить навес цена,78.0,1.0,11.47,top20,ceny,117.0,/cena/
