query,impr,pos,cluster,url
стоимость сварочных работ металлоконструкций за метр навес крытый профлистом,259.0,14.46,ceny,/cena/
навес над столом,256.0,8.52,dacha,/katalog/navesy/navesy-dlya-dachi/
стоимость изготовления навеса,213.0,9.3,ceny,/cena/
ограждение из монолитного поликарбоната,146.0,23.45,zabory,/katalog/zabory/
арочный навес из мягкой кровли,140.0,10.36,materialy,/katalog/navesy/metallicheskie-navesy/
навес цена,115.0,17.66,ceny,/cena/
изготовление навесов цена,115.0,15.28,ceny,/cena/
сколько стоит построить навес,110.0,9.37,ceny,/cena/
стоимость изготовления навеса из металлопрофиля за м2,103.0,13.42,ceny,/cena/
навес 5 на 5,98.0,15.08,other,/
сколько стоит сварить навес из металла цена за работу,91.0,13.86,ceny,/cena/
навесы из металлопрофиля цена за квадратный метр,84.0,13.08,ceny,/cena/
навес 10 на 10 метров,83.0,18.04,other,/
беседка на заказ из металла,76.0,15.18,besedki,/katalog/besedki/
навес для трактора,76.0,9.25,avto,/katalog/navesy/navesy-dlya-mashin/
навес 10 на 10,73.0,16.16,other,/
навес под трактор,73.0,10.52,avto,/katalog/navesy/navesy-dlya-mashin/
забор из профилированного поликарбоната,72.0,20.13,zabory,/katalog/zabory/
навес стоимость метр квадратный,65.0,5.72,ceny,/cena/
сварить навес цена за работу,60.0,13.52,ceny,/cena/
навесы из металлопрофиля цена,53.0,21.36,ceny,/cena/
навесы в москве цена с установкой,51.0,18.92,ceny,/cena/
навес пристенный односкатный navesy-podkluch.ru,50.0,10.52,other,/
сколько будет стоить сделать навес,50.0,7.9,uslugi,/uslugi/montazh/
навесы цена за квадратный метр,50.0,8.38,ceny,/cena/
навес над террасой из поликарбоната navesy-podkluch.ru,50.0,9.08,terrassa,/katalog/navesy/navesy-dlya-terrasy/
навес над гаражом,49.0,9.94,avto,/katalog/navesy/navesy-dlya-mashin/
навес цена за метр,48.0,9.67,ceny,/cena/
цена навеса за квадратный,47.0,7.6,ceny,/cena/
навес под машину цена под ключ,46.0,16.11,avto,/katalog/navesy/navesy-dlya-mashin/
изготовление навеса расценки,46.0,8.37,ceny,/cena/
металлический навес беседка,46.0,12.85,besedki,/katalog/besedki/
комбинированные заборы из профнастила и поликарбоната,45.0,16.24,zabory,/katalog/zabory/
навес 7 на 7,44.0,18.25,other,/
сколько стоит сварить навес из материала заказчика цена,44.0,15.61,ceny,/cena/
обустройство балконных козырьков,42.0,12.05,balkon,/katalog/navesy/navesy-dlya-balkona/
изготовление навеса прайс,41.0,8.15,ceny,/cena/
изготовление навеса цены,41.0,10.17,uslugi,/uslugi/montazh/
монтаж поликарбоната цена работы за м2,40.0,33.9,ceny,/cena/
